scenario,obt,none,provenance,llm_selfcheck,rep-strict,rep-default
1_honest,0.0,0.0,0.0,0.0,0.0,0.0
2_always_lie,122.17,7107.33,5562.33,1944.5,290.67,518.83
3_farm_then_lie,2.33,57.67,99.0,96.0,0.0,54.42
4_slow_drift,86.0,1778.83,1103.33,456.83,0.0,191.67
5_price_bait,-19.67,808.67,691.0,650.0,108.0,794.0
6_vague,37.17,611.67,647.5,272.83,93.83,322.0
7_far_deadlines,37.33,5627.75,4480.92,1452.58,431.75,659.92
8_claim_splitting,37.83,632.67,446.83,337.5,7.17,687.83
9_noisy_honest,1.0,-29.17,5.83,21.33,5.67,200.17
10_farm_fail_refarm,5.33,193.42,236.08,172.67,0.0,60.0
11_extraction_attack,36.67,706.83,726.33,260.17,212.17,440.33
12_sybil_reentry,127.5,7700.5,4149.5,2484.33,945.0,1173.17
