knowledge,defense,seed,loss,damage,reroute,resid,ratio,bound_ok,violations,profit,payments,delivered,utility_cost,share,honest_source,fallback_rounds,farm_then_defect,claim_splitting,injection_or_decoy,identity_resets,invoice_overpricing
black-box,llm_selfcheck,1,199.0,,0,199.0,,,0,0.0,0,0,99.0,0.0,e2,0,0,0,0,2,0
black-box,llm_selfcheck,2,479.0,,0,479.0,,,0,132.0,132.0,0,44.0,0.021093,e2,0,0,0,0,2,0
black-box,llm_selfcheck,3,259.0,,0,259.0,,,0,0.0,0,0,83.0,0.0,e2,0,0,0,0,2,0
black-box,none,1,455.5,,0,455.5,,,0,133.0,190.0,19,0.0,0.051707,e2,0,0,0,0,2,1
black-box,none,2,5368.5,,0,5368.5,,,0,4744.0,4864.0,40,0.0,0.1098,e2,0,0,0,0,2,4
black-box,none,3,497.5,,0,497.5,,,0,0.0,0.0,0,0.0,0.032937,e2,0,0,0,0,2,0
black-box,obt,1,24.5,0.0,0,24.5,,True,0,0.0,0,0,273.5,0.0,e2,0,0,0,0,2,0
black-box,obt,2,37.0,0.0,0,37.0,,True,0,0.0,0,0,329.5,0.0,e2,0,0,0,0,2,0
black-box,obt,3,50.0,0.0,-2.0,52.0,,True,0,0.0,0,0,292.0,0.0,e2,0,0,0,0,2,0
black-box,obt+planner,1,91.0,0.0,0,91.0,,True,0,0.0,0,0,207.0,0.0,e2c,0,0,0,0,2,0
black-box,obt+planner,2,101.0,0.0,0,101.0,,True,0,0.0,0,0,265.5,0.0,e2c,0,0,0,0,2,0
black-box,obt+planner,3,103.0,0.0,0,103.0,,True,0,0.0,0,0,239.0,0.0,e2c,0,0,0,0,2,0
black-box,provenance,1,468.0,,0,468.0,,,0,216.5,327.5,37,26.0,0.069268,e2,0,0,0,0,2,2
black-box,provenance,2,566.5,,0,566.5,,,0,117.0,234.0,39,55.0,0.06654,e2,0,0,0,0,2,2
black-box,provenance,3,459.5,,0,459.5,,,0,0.0,0.0,0,38.0,0.032937,e2,0,0,0,0,2,0
black-box,rep-n18,1,330.5,,0,330.5,,,0,0.0,0.0,0,-7.5,0.014911,e2c,0,0,0,0,2,0
black-box,rep-n18,2,641.0,,0,641.0,,,0,200.0,272.0,24,4.5,0.049571,e2c,0,0,0,0,2,2
black-box,rep-n18,3,386.0,,0,386.0,,,0,0.0,0,0,-44.0,0.0,e2c,0,0,0,0,2,0
black-box,rep-strict,1,51.5,,0,51.5,,,0,0.0,0.0,0,271.5,0.014911,e2,0,0,0,0,2,0
black-box,rep-strict,2,350.5,,0,350.5,,,0,200.0,272.0,24,295.0,0.049571,e2,0,0,0,0,2,2
black-box,rep-strict,3,34.0,,0,34.0,,,0,0.0,0,0,308.0,0.0,e2,0,0,0,0,2,0
white-box,llm_selfcheck,1,199.0,,0,199.0,,,0,0.0,0,0,99.0,0.0,e2,0,0,0,0,2,0
white-box,llm_selfcheck,2,358.0,,0,358.0,,,0,142.0,235.0,31,44.0,0.045323,e2,0,0,0,0,2,0
white-box,llm_selfcheck,3,259.0,,0,259.0,,,0,0.0,0,0,83.0,0.0,e2,0,0,0,0,2,0
white-box,none,1,9780.5,,0,9780.5,,,0,9863.0,10430.0,189,0.0,0.245532,e2,0,1,0,0,2,0
white-box,none,2,14444.0,,0,14444.0,,,0,15170.0,16352.0,394,0.0,0.425856,e2,0,0,33,0,2,1
white-box,none,3,23688.0,,0,23688.0,,,0,23921.0,24740.0,273,0.0,0.282708,e2,0,0,0,0,2,0
white-box,obt,1,30.38,0.0,-425.5,455.88,,True,0,238.38,517.38,93,273.5,0.093845,e2,0,0,0,0,2,0
white-box,obt,2,-48.8,0.0,-374.75,325.95,,True,0,174.2,483.2,103,329.5,0.100881,e2,0,0,0,0,2,0
white-box,obt,3,34.12,0.0,-125.71,159.83,,True,0,286.62,622.62,112,292.0,0.10596,e2,0,0,0,0,2,0
white-box,obt+planner,1,274.0,0.0,0,274.0,,True,0,325.0,481.0,52,207.0,0.05449,e2c,0,0,0,0,2,0
white-box,obt+planner,2,276.5,0.0,0,276.5,,True,0,325.0,481.0,52,265.5,0.052889,e2c,0,0,0,0,2,0
white-box,obt+planner,3,190.0,0.0,0,190.0,,True,0,182.0,293.0,37,239.0,0.039735,e2c,0,0,0,0,2,0
white-box,provenance,1,13150.3,,0,13150.3,,,0,13591.3,14431.3,280,26.0,0.306341,e2,0,0,0,0,2,0
white-box,provenance,2,1366.0,,0,1366.0,,,0,1741.0,2779.0,346,55.0,0.367385,e2,0,1,0,0,2,0
white-box,provenance,3,6050.0,,0,6050.0,,,0,6351.0,7353.0,334,38.0,0.385726,e2,0,2,40,0,2,0
white-box,rep-n18,1,592.0,,0,592.0,,,0,454.0,655.0,67,-7.5,0.081511,e2c,0,0,0,0,2,0
white-box,rep-n18,2,902.5,,0,902.5,,,0,898.0,1447.0,183,4.5,0.213884,e2c,0,1,0,0,2,1
white-box,rep-n18,3,599.0,,0,599.0,,,0,119.0,170.0,17,-44.0,0.045872,e2c,0,0,0,0,2,0
white-box,rep-strict,1,41.4,,0,41.4,,,0,0.9,0.9,0,271.5,0.032227,e2,0,0,0,0,2,0
white-box,rep-strict,2,1552.5,,0,1552.5,,,0,1846.0,2230.0,128,295.0,0.142171,e2,0,0,0,0,2,0
white-box,rep-strict,3,-4.0,,0,-4.0,,,0,-27.0,39.0,22,308.0,0.037209,e2,0,0,0,0,2,0
