scenario|defense,damage,sum_bound,reroute_cost_diff,resid,events,bound_ok
10|none,,,0.0,,0.0,
10|obt,67.5,210.0,-188.0,270.75,2.0,True
11|none,,,0.0,,0.0,
11|obt,0.0,0.0,-272.0,3459.0,0.0,True
12|none,,,0.0,,0.0,
12|obt,94.5,294.0,-267.0,4379.5,21.0,True
1|none,,,0.0,,0.0,
1|obt,0.0,0.0,0.0,0.0,0.0,True
2|none,,,0.0,,0.0,
2|obt,23.0,70.0,-270.0,2531.5,5.0,True
3|none,,,0.0,,0.0,
3|obt,54.0,168.0,-119.0,163.0,1.0,True
4|none,,,0.0,,0.0,
4|obt,81.5,238.0,-209.0,314.0,17.0,True
5|none,,,0.0,,0.0,
5|obt,0.0,0.0,-270.5,9821.5,0.0,True
6|none,,,0.0,,0.0,
6|obt,0.0,0.0,-272.0,12173.5,0.0,True
7|none,,,0.0,,0.0,
7|obt,0.0,0.0,-272.0,1310.0,0.0,True
8|none,,,0.0,,0.0,
8|obt,0.0,0.0,-268.0,2626.0,0.0,True
9|none,,,0.0,,0.0,
9|obt,136.5,291.5,-184.0,166.0,2.0,True
