row,source,id,our_label
1,v2,test027,yes
2,v2,test029,yes
3,v2,test191,yes
4,v1_seeded,test196,no
5,v2,test009,yes
6,v2,test138,yes
7,v2,test145,yes
8,v1_seeded,test015,no
9,v1_seeded,test024,no
10,v2,test184,yes
11,v2,test033,yes
12,v2,test094,yes
13,v1_seeded,test030,no
14,v2,test140,yes
15,v2,test115,yes
16,v2,test154,yes
17,v1_seeded,test184,no
18,v2,test123,yes
19,v1_seeded,test018,no
20,v2,test024,yes
21,v1_seeded,test027,no
22,v2,test081,yes
23,v2,test134,yes
24,v2,test049,yes
25,v1_seeded,test023,no
26,v2,test095,yes
27,v2,test083,yes
28,v1_seeded,test002,no
29,v2,test125,yes
30,v2,test015,yes
31,v2,test078,yes
32,v2,test104,yes
33,v2,test016,yes
34,v2,test023,yes
35,v2,test030,yes
36,v2,test056,yes
37,v2,test114,yes
38,v2,test164,yes
39,v2,test091,yes
40,v2,test026,yes
41,v2,test150,yes
42,v2,test079,yes
43,v2,test166,yes
44,v2,test192,yes
45,v1_seeded,test029,no
46,v2,test040,yes
47,v2,test018,yes
48,v2,test002,yes
49,v2,test058,yes
50,v2,test196,yes
