scenario,Luna obt+planner,Luna none,Terra obt+planner,Terra none
always lie,"1,013.3","1,400.4","1,010.7","1,455.8"
farm then lie,95.6,22.8,95.2,1.3
slow drift,538.8,143.1,537.1,222.1
price bait,555.3,149.9,552.7,148.3
vague,n/a,629.3,n/a,921.2
far deadlines,n/a,"1,826.4",n/a,"1,576.5"
claim splitting,"1,585.0",318.6,"1,578.3",217.4
noisy honest,46.5,-0.5,46.9,-3.8
farm fail refarm,148.3,33.7,147.8,19.5
extraction attack,"16,800.0",430.5,"16,733.3",236.5
sybil reentry,"1,000.6","1,471.0",998.1,"1,359.0"
