defense,point,utility cost,loss from lies,never trades,locks out,front,chosen,transferred,max damage/bound
obt,obt_b0.025_k1,413.7,0.0,yes,,,,,-
obt,obt_b0.025_k2,413.7,0.0,yes,,,,,-
obt,obt_b0.05_k1,327.3,42.6,,,yes,,yes,1.000
obt,obt_b0.05_k2,303.7,57.8,,,,,,0.423
obt,obt_b0.1_k1,284.7,67.7,,,yes,,,1.000
obt,obt_b0.1_k2,246.7,110.3,,,yes,,,0.550
obt,obt_b0.2_k1,293.7,46.3,,,yes,yes,,0.411
obt,obt_b0.2_k2,244.7,110.5,,,yes,,,0.815
rep-strict,rep_n3_th0.8_cap100,413.7,0.0,yes,,,,,-
rep-strict,rep_n3_th0.8_cap200,0.0,405.8,,,,,,-
rep-strict,rep_n3_th0.8_cap400,0.0,482.0,,,,,,-
rep-strict,rep_n3_th0.85_cap100,413.7,0.0,yes,,,,,-
rep-strict,rep_n3_th0.85_cap200,266.0,134.9,,yes,yes,,,-
rep-strict,rep_n3_th0.85_cap400,266.0,211.1,,yes,,,,-
rep-strict,rep_n3_th0.9_cap100,413.7,0.0,yes,,,,,-
rep-strict,rep_n3_th0.9_cap200,266.0,134.9,,yes,yes,,yes,-
rep-strict,rep_n3_th0.9_cap400,266.0,211.1,,yes,,,,-
rep-strict,rep_n8_th0.8_cap100,413.7,0.0,yes,,,,,-
rep-strict,rep_n8_th0.8_cap200,0.0,371.0,,,yes,yes,,-
rep-strict,rep_n8_th0.8_cap400,0.0,475.4,,,,,,-
rep-strict,rep_n8_th0.85_cap100,413.7,0.0,yes,,,,,-
rep-strict,rep_n8_th0.85_cap200,0.0,384.7,,,,,,-
rep-strict,rep_n8_th0.85_cap400,0.0,489.1,,,,,,-
rep-strict,rep_n8_th0.9_cap100,413.7,0.0,yes,,,,,-
rep-strict,rep_n8_th0.9_cap200,0.0,384.7,,,,,,-
rep-strict,rep_n8_th0.9_cap400,0.0,489.1,,,,,,-
rep-strict,rep_n18_th0.8_cap100,413.7,0.0,yes,,,,,-
rep-strict,rep_n18_th0.8_cap200,0.0,476.8,,,,,,-
rep-strict,rep_n18_th0.8_cap400,0.0,641.2,,,,,,-
rep-strict,rep_n18_th0.85_cap100,413.7,0.0,yes,,,,,-
rep-strict,rep_n18_th0.85_cap200,0.0,476.8,,,,,,-
rep-strict,rep_n18_th0.85_cap400,0.0,641.2,,,,,,-
rep-strict,rep_n18_th0.9_cap100,413.7,0.0,yes,,,,,-
rep-strict,rep_n18_th0.9_cap200,0.0,477.2,,,,,,-
rep-strict,rep_n18_th0.9_cap400,0.0,641.6,,,,,,-
