eval,defense,seeds,loss from lies,S_main units per attack run,S_main share (attack runs),loss per 100 S_main units
E2,obt,5,"43.1 [37.0, 50.5]",29.7,0.029,"145.6 [126.0, 165.0]"
E2c,obt+planner,5,"111.4 [104.6, 118.2]",33.1,0.032,"338.4 [302.8, 373.9]"
E2c,rep-n18,5,"551.8 [511.8, 600.4]",256.7,0.244,"219.7 [188.6, 262.8]"
E2c,rep+planner,5,"651.6 [579.5, 736.3]",250.5,0.233,"259.9 [230.5, 287.2]"
E2,rep-strict,5,"169.0 [130.4, 215.9]",59.3,0.057,"281.2 [234.9, 327.4]"
E2,rep-default,5,"483.3 [411.7, 555.5]",229.5,0.219,"210.4 [189.3, 239.4]"
E2,llm_selfcheck,3,"740.8 [520.5, 934.1]",220.7,0.204,"331.3 [271.6, 389.5]"
E2,provenance,3,"1,649.9 [1,471.5, 1,903.2]",364.8,0.311,"451.4 [407.5, 504.1]"
E2,none,3,"2,290.6 [2,127.5, 2,469.5]",480.9,0.393,"476.9 [446.9, 498.6]"
E5 Luna,obt+planner,3,"176.9 [160.0, 189.5]",52.0,0.051,"342.0 [308.2, 395.5]"
E5 Luna,none,3,"999.9 [812.8, 1,096.3]",487.5,0.445,"204.3 [182.8, 222.2]"
E5 Terra,obt+planner,3,"176.2 [158.0, 189.5]",51.9,0.051,"341.5 [304.3, 395.5]"
E5 Terra,none,3,"1,177.2 [942.2, 1,575.1]",584.2,0.525,"199.8 [171.4, 253.9]"
