defense,seeds,loss from lies,utility cost,utility (% of cost),S_main share,loss per 100 S_main units
obt,5,"43.1 [37.0, 50.5]","324.6 [288.5, 363.1]",5.43,0.055,"145.6 [126.0, 165.0]"
obt+planner,5,"111.4 [104.6, 118.2]","261.0 [230.4, 296.8]",4.36,0.168,"338.4 [302.8, 373.9]"
rep-n18,5,"551.8 [511.8, 600.4]","-20.5 [-72.8, 26.9]",-0.35,0.672,"219.7 [188.6, 262.8]"
rep+planner,5,"651.6 [579.5, 736.3]","35.4 [-45.9, 116.7]",0.60,0.602,"259.9 [230.5, 287.2]"
rep-strict,5,"169.0 [130.4, 215.9]","320.9 [288.2, 358.9]",5.36,0.069,"281.2 [234.9, 327.4]"
rep-default,5,"483.3 [411.7, 555.5]","46.1 [-51.4, 124.8]",0.75,0.556,"210.4 [189.3, 239.4]"
llm_selfcheck,3,"740.8 [520.5, 934.1]","75.3 [44.0, 99.0]",1.26,0.475,"331.3 [271.6, 389.5]"
provenance,3,"1,649.9 [1,471.5, 1,903.2]","39.7 [26.0, 55.0]",0.66,0.534,"451.4 [407.5, 504.1]"
none,3,"2,290.6 [2,127.5, 2,469.5]","0.0 [0.0, 0.0]",0.00,0.663,"476.9 [446.9, 498.6]"
