n0,theta,cap,utility cost,loss from lies,locks out,never trades,chosen
18,0.9,200,0.0,702.1,,,yes
18,0.85,200,0.0,712.8,,,
8,0.85,200,0.0,738.9,,,
18,0.8,200,0.0,745.9,,,
8,0.9,200,0.0,748.3,,,
8,0.8,200,0.0,761.4,,,
3,0.8,200,0.0,764.3,,,
18,0.9,400,0.0,908.4,,,
18,0.85,400,0.0,919.1,,,
8,0.85,400,0.0,945.1,,,
8,0.9,400,0.0,954.5,,,
18,0.8,400,0.0,1004.3,,,
3,0.8,400,0.0,1013.4,,,
8,0.8,400,0.0,1019.8,,,
3,0.85,200,443.7,235.0,yes,,
3,0.9,200,443.7,235.0,yes,,
3,0.85,400,443.7,431.9,yes,,
3,0.9,400,443.7,431.9,yes,,
3,0.8,100,494.2,0.0,,yes,
3,0.85,100,494.2,0.0,,yes,
3,0.9,100,494.2,0.0,,yes,
8,0.8,100,494.2,0.0,,yes,
8,0.85,100,494.2,0.0,,yes,
8,0.9,100,494.2,0.0,,yes,
18,0.8,100,494.2,0.0,,yes,
18,0.85,100,494.2,0.0,,yes,
18,0.9,100,494.2,0.0,,yes,
