row,message,is_commitment,has_delivery_claim,qty,deadline,has_price_claim,price,valid_until,notes
1,Please decrease K65403 EU-164 by 1000 dth for 4/10 intraday.,,,,,,,,
2,"Following are my calculations Prepay for March 2002 10,000 dth per day x 31 days x $2.1562 = $668,422 Non deliveries for Feb 2002 10,000 dth per day x 14 days x $2.1562 = ($301,868) Estimated payment due 2/28/02 $366,554 As of today Mops has been down from Feb 8th - 21st, 14 days.",,,,,,,,
3,"Casper, Wyoming 82609 Term: March 1 through March 31 Tier of Gas: Tier 1 Interruptible Gas Point of Delivery: Palamino #3 Screw Compressor, Meter #0814042 Price: Gas Daily, CIG Rockies (N System) minus $0.25 minus gathering fees and fuel.",,,,,,,,
4,"Baum said Sempra stands to suffer an undercollection of perhaps $664 million, provided future prices approximate the New York Mercantile Exchange forward prices through December 2002.",,,,,,,,
5,"They made impressive gains at the start of the session buoyed by Norway's decision on Thursday to cut production by 200,000 barrels a day but fell back in late trade as it emerged that Russia would shave only 50,000 off its daily production of 7 million.",,,,,,,,
6,"On the call management noted that: 1) Barring a major acquisition, it will not issue equity in the near-term; 2) NRG's pending acquisition of 1,767 MW of generation capacity from Conectiv should close by June 30; and, 3) Expansion of the FERC's Western market mitigation measures should not impact NRG's performance.",,,,,,,,
7,We currently hold $1.5MM in cash as security on a static position.,,,,,,,,
8,"Enymex slowed by Access Internet launch 08/29/2001 Megawatt Daily (c) Copyright 2001 Pasha Publications, Inc.",,,,,,,,
9,"Our very popular Free Stopover in Las Vegas or Phoenix offer for $174 roundtrip or less is set to expire on Thursday, December 27, 2001, don't miss out.",,,,,,,,
10,We delivered over 10 boxes of food and toys on Friday to the Downtown location of the Head Start program.,,,,,,,,
11,"The power grid was short 4,144 megawatts due to planned shutdowns Monday, beating the Independent System Operator's projections that 5,800 megawatts would be unavailable.",,,,,,,,
12,"Miraquest did not participate in this round. http://www.techhealth.com eRealty.com Receives $15 Million in Second Round mail? top HOUSTON (VENTUREWIRE) -- The online residential real estate brokerage firm eRealty.com said it received $15 million in second round funding led by Milestone Equities, with previous investors TL Ventures and Polaris Venture Partners participating.",,,,,,,,
13,"On the appointed hour 6 pm- 9 pm, DPC's declared baseload capacity of 657 mw, the company failed to deliver energy as instructed by the MSEB and delivered only 156 mw on January 28, 2001.",,,,,,,,
14,Live to fight another day - I don't know if you know but I settled with Fort James - we ripped up all three contracts for no money that netted us approximately $15M in value through the elimination of the two power contracts in the NW.,,,,,,,,
15,"Fares begin at $464 roundtrip from New York City or Boston to Paris through November 30, 2001.",,,,,,,,
16,"Box HM 1070 Hamilton, HMEX Bermuda 441.238.8122 441.238.8463 - fax www.sonesta.com June 7-9, 2000 $229 single/double $259 triple occupancy $289 quad occupancy Guestroom rates are subject to government taxes, currently 7.25% BLOCK IS: WEATHER RISK MANAGEMENT ASSOCIATION HOTEL CUT-OFF DEADLINE IS: 4/21/2000 SLEEPING ROOMS ARE TO BE GUARANTEED BY A TWO-NIGHT DEPOSIT.",,,,,,,,
17,"If we don't hear from you or/and if you don't decide yet, we will make assumption as follows; - Capacity: 180 MW out of 4 LM-6000 turbine with manufacturer's guarantee and with term of liquidated damage protection included. - Exact substation: East Hub in PJM - Gas delivery point: Transco Zone 6 We will try to get the pricing hopefully by tomorrow.",,,,,,,,
18,"According to the Wall Street Journal, the terms of the deal call for ChevronTexaco to inject $1.5 billion immediately and another $1 billion into the combined companies if the deal goes through.",,,,,,,,
19,3486 MMbtu was delivered on 7/29/00.,,,,,,,,
20,"Michelle: Per our Transwestern transportation agreement, North Start Steel would line to change our delivery point from PG&E Topock - (POI 56698) on the Transwestern Pipeline to CPN South Point (POI 78113) for 1,300 mmbtu per day deliveries on or about May 7, 2001 or sooner or later, as soonest this point becomes operational.",,,,,,,,
21,"Product No.: 34976 Time Stamp: 3/26/01 8:55:20 am Product Name: US PLCapNNG Frm Demar-E.Dub Dly Dynegy Marketing and Trade Volume: 10,000 Dth/d Rate: $0.0800 /dth 1-part rate (combined Res + Com) 100% Load Factor + applicable fuel and unaccounted for NNG Req#: 40346 NNG K#: 107641 Effective Date: 3/27/01 only Points: RP- 37654 NNG Field/Market Demarc Point 10,000 Dth/d DP- 234 NIGAS E.",,,,,,,,
22,"The company is backed by Credit Suisse First Boston, Intel, Nexus Group, Qualcomm, Reuters, Royal Philips Electronics, Siemens Mustang Ventures, the Rockefeller family, Sonera Venture Capital, Sony, Texas Instruments, Time Warner, and others. http://www.packetvideo.com Benefits App Firm BISnet Raises $2 Million in Series A mail this story? top CONCORD, Calif.",,,,,,,,
23,"To all: Counterparty: The New Power Company - Deal by Sheetal Patel on 9/24/01 Deal Number: Y51895.1 Credit Reserve: $17,000 Description: Enron sold NYMEX swap, 3.319 MMbtu, Oct 01-Nov 02",,,,,,,,
24,"2 GO FOR LESS TO EUROPE FARES FROM $192 ROUNDTRIP THROUGH MARCH 14, '02 If you are traveling in groups of two to Europe, the Middle East, Africa or India, we can save you big bucks on your travel plans.",,,,,,,,
25,"With this, foreign lenders have now decided to adopt a wait-and-watch posture instead of fighting with Indian lenders.The IFIs had pressed for completion of the $3 billion project, as DPC has stopped commercial production and doubts are being expressed for commissioning of its 1,444 MW phase-II due on Thursday.",,,,,,,,
26,"Tickets are STILL AVAILABLE on-line through the Signature Shop and are only $8 each, limit one pair per employee.",,,,,,,,
27,"Click here for Full Story Atlantic Renewable Boosts New York's Wind Power by 30MW October 31, 2001---Atlantic Renewable Resources Corp, of Richmond, Va., is teaming with M.A.",,,,,,,,
28,"We have not received access to this information which has resulted so far in additional electric cost of $200,987.33 for the period of July through September.",,,,,,,,
29,"PT/VOLUME POI 56498 Bloomfield Compressor 80,000 Dth/d DEL.PT/VOLUME POI 60668 NNG Gray 35,000 Dth/d DEL.PT/VOLUME POI 12353 Westar Carson 30,000 Dth/d DEL.PT/VOLUME POI 8516 Oasis Block 16 -Del 15,000 Dth/d SHIPPER: Burlington ResourcesTrading Inc TERM: 04/01/01 thru 11/30/2006 CONTRACT: 25025 REC.",,,,,,,,
30,"Specifically, the investor bought about 5,000 contracts of the puts, then bought a put spread by buying 8,000 contracts of January 25 puts that expire 2002 and selling the same number of January 25 puts that expire 2003.",,,,,,,,
31,Please commence deliveries to Eastrans of 7500 MMBtu/d effective 10/19/00 until further notice.,,,,,,,,
32,Montali decides to wait until May 24 to make a decision. * The California Energy Commission licenses two power plants that should be able to deliver 545 megawatts by late summer: a 450-megawatt power plant retooling project in Huntington Beach and a 95-megawatt summer reliability project in Hanford. * A U.S.,,,,,,,,
33,"(Note your card will be charged for the specified amount above) If paying by credit card, please fill in the information below: Credit Card Number:________________________________ Expiration Date:___________________________ Signature:_________________________ Date:____________________ *Shipping Outside USA add $10.00",,,,,,,,
34,"Long-Term Contracts As noted by the governor in his announcement Tuesday, only 500 MW of the 5,000 MW of power contracted for can come on-line immediately.",,,,,,,,
35,"The firm presents a large-cap valuation analysis on IBM (IBM), Cisco (CSCO), Dell (DELL), EMC (EMC), Hewlett-Packard (HWP), Intel (INTC), Microsoft (MSFT), Oracle (ORCL), WorldCom (WCOM), and five others (4-page report for purchase - $10).",,,,,,,,
36,Please decrease deliveries to Eastrans to 0 MMBtu/dy for 10/4/00.,,,,,,,,
37,"Has Stake in New Firm o Takefuji Launches European Fund, TWJ Euro, with $80 Million |||||||||||||||||||| Advertisement |||||||||||||||||||| UpShot.com is Web-based sales force automation solution that can be easily deployed.",,,,,,,,
38,Idacorp is faxing me a $10m guarantee from Enron to them with an expiration date of 9/00.,,,,,,,,
39,"The offer valued at US $65 million (45 million pound) has apparently won the approval of Man Financial, the brokerage division of Man Group Plc., which holds 10 percent of the IPE.",,,,,,,,
40,"My dilemma is that the firm transportation does not appear to be accretive, in fact it results in $0.05 / mmbtu less than current arrangement (accross the total volume).",,,,,,,,
41,"Two generating units at Colstrip generating station with a combined capacity of 1,008 megawatts tripped off line about 90 minutes before day-ahead trading began Wednesday, but the units returned to the grid as trading was finishing.",,,,,,,,
42,"You should receive the following wires today. $683,835.20 for baseload gas on Trunkline (6,800 dth x 31 days x $3.244) $1,365,767.00 for baseload gas on Florida (13,000 dth x 31 days x $3.389) Our current swing gas cash balance is $81,700.00 so we may not send another wire until next week.",,,,,,,,
43,"I would like approval for up to U.S. $250K/$250K to sign up the following ""hold-outs"": 1) Howard Sangwine 2) Grant Oh 3) Dean Drozdiak 4) Garrett Tripp 5) Steve Burnham 6) Lon Draper Each of the above are highly marketable and have competing offers in hand.",,,,,,,,
44,"Catenas is majority-owned by 2M Invest, a venture capital and management firm, which invested $10 million in Catenas in January.",,,,,,,,
45,Davis has said about $12.5 billion is needed to weather the crisis until adequate new power is added to the state's supply by Jan.,,,,,,,,
46,"On days when the firm requirement falls below the 36,774 (for March 1, our combined DSR is currently 23,758dth), I don't want to reduce IBSS withdrawals because we need to maximize those thru March in order to have that inventory down to the 35% level by March 31.",,,,,,,,
47,"The March Bloomberg Natural Gas El Paso, Topock, AZ (Mojave) index price is $2.30/dth * 162,111 dth = $372,855.30 due Transwestern through November 30, 2001.",,,,,,,,
48,"Credit Requested Shipper : Tenaska Marketing Ventures Contract # : 27792 Service Type : Amended FT MDQ: 21,000 Dth/d Rate: $0.10 Term: January 8, 2002 through January 8, 2002 Thanks.................",,,,,,,,
49,"The 4,144 megawatts unavailable due to planned shutdowns Monday would have powered about 3.1 million homes.",,,,,,,,
50,"Power plants capable of generating 1,000 to 1,500 megawatts are expected back on line by the end of the week, Fluckiger said.",,,,,,,,
51,"Sithe sees adding 2,400 MW in Mass. by mid-2002 NEW YORK, Feb 5 (Reuters) To help serve the growing need for power in Massachusetts, Sithe Energies Inc. said on Tuesday it expects to have 2,400 megawatts (MW) of new generation up and running on the local electricity grid by mid-year.",,,,,,,,
52,"On 5/10/01, actual deliveries will be less than the nomination of 17,000 MMBtu/dy in order to balance the nomination versus deliveries from 5/9/01.",,,,,,,,
53,"The utilities would use cash from the purchase to restructure debt and the state would use its ability to raise money through bond sales to revamp the aging system, which is said to need $1 billion in improvements.",,,,,,,,
54,"Contract # : 27420 Service Type : FT MDQ: 2,584 Dth/d Rate: $0.10 Term: March 1, 2002 thru March 31, 2002 Dennis P.",,,,,,,,
55,"RT TO 15 CARIBBEAN CITIES FROM $328 THROUGH JUNE 15, 2001 They said it couldn't be done, but that's the kind of challenge we rise to meet.",,,,,,,,
56,Please decrease deliveries to Eastrans to 0 MMBtu/dy effective 10/20/00 and maintain at 0 until further notified.,,,,,,,,
57,"ISO says power blackouts this evening unlikely By Christine Cordner San Francisco, May 7 (BridgeNews) - California is not expected to see power outages this evening since the state is receiving 1,600 megawatts of imported power from a Canadian province, said Jim McIntosh, California Independent System Operator Director of Operations, Monday.",,,,,,,,
58,"Tungsten carbide tip. #99643 Price:$44.95 Reg:$79.95 Save:$35.00 http://www.sierratradingpost.com/xt_kc.asp?kc=WS66&pg=p&bn=99643 Prices Good Through January 4, 2002.",,,,,,,,
59,"Open interest increased by 9,689 contracts Wednesday to 464,452 contracts, in what by yesterday morning indicated a contrived effort to sell up the market.",,,,,,,,
60,"Preschedule: We will reduce our preschedule by the 5 mw's for 12/27 through 12/21, but will schedule the full 7 mw's for 1/1/01, at which time we will need to remind real time that this length is there.",,,,,,,,
61,"By the end of the month, two so-called peaker facilities - those authorized to run only during periods of peak demand - will start coming online, providing another 225 megawatts.",,,,,,,,
62,"Financial Times, 11/20/01 Enron drops earnings for 3rd quarter $690 million dept comes due for downgrade firm Houston Chronicle, 11/20/01 Bankers concerned Dynergy may abandon Enron deal - report AFX News, 11/20/01 IN BRIEF / ENERGY Enron May Be Forced to Settle $690-Million Debt Los Angeles Times, 11/20/01 IN BRIEF / ACCOUNTING Arthur Andersen Probe Requested Los Angeles Times, 11/20/01 U.S.",,,,,,,,
63,"FYI Oneok is making changes in their field behind Cargray Plant this week which will increase flow by 8,000 mmbtu/d and by the end of the month they plan to be up to 20,000 mmbtu/d.",,,,,,,,
64,"Please increase deliveries to Eastrans to 25,000 MMBtu/dy for 8/2/00.",,,,,,,,
65,"9867 500mmbtu/d 100% Gas Daily less $0.16 1/19 - 1/31 FYI, Susan will create and submit a committed reserves firm ticket for the remaining term of the deal beginning with the month of February.",,,,,,,,
66,"To answer your question, Wisconsin Electric Power deal #10132 and 10129 are still valid until 9/00, but I booked invoice #13470SA on your books in Doc #1600000445 for 232500 mmbtu and $1,011,549.39.",,,,,,,,
67,"The plan is to begin selling by February 1 three to five packages per day of 5,000 - 10,000 MMBtu/d.",,,,,,,,
68,"If we don't hear from you or/and if you don't decide yet about above issues, we will make assumptions as follow; - Capacity: 180 MW out of 4 LM-6000 turbine with manufacturer's guarantee and with term of liquidated damage protection included. - Exact substation: East Hub in PJM - Gas delivery point: Transco Zone 6 We will try to get the pricing hopefully by tomorrow.",,,,,,,,
69,"The generators say they can no longer supply power because the nearly bankrupt utilities haven't paid them, and are not satisfied with efforts by the governor and regulators to fix that problem. ``You could easily see another 1,000 megawatts off-line by the end of the month,'' said Jan Smutny-Jones, executive director of the Independent Energy Producers Association.",,,,,,,,
70,"State Treasurer Phil Angelides had pushed for approval of the bond legislation as an urgency measure by today, when commitments from lenders for a $4.1 billion short-term ""bridge"" loan expire.",,,,,,,,
71,"Details for this additional class are as follows: DATE: April 18, 2002 TIME: 8am until 5pm PLACE: Compaq Computer COST: $250 covers the instruction, workbook, continental breakfast and light lunch.",,,,,,,,
72,"The court has delayed ruling on CalEnergy's request for $99 million in back payments until April 16--the day the utility is expected to begin paying its alternative generators. ?????Since it quit transmitting 270 megawatts to Edison last month, CalEnergy has been selling its electricity to El Paso Energy, a marketing company that resells power on the spot market.",,,,,,,,
73,Standard & Poor's Corp. cut Enron's credit rating to junk as bankers failed to raise $1.5 billion Enron needed to operate until the deal was completed.,,,,,,,,
74,"""RR01-05 Load Forecasting Normal Review Process To Be Posted April 23, 2001; Comments Due by June 6, 2001 Draft Rule - See attached file: RR01-05.pdf (See attached file: RR01-05.pdf) Process Log - See attached file: RR01-05log.pdf ""(See attached file: RR01-05Log.PDF) In accordance with NYSRC Policy No.",,,,,,,,
75,"Plant has been in flux recently with a 400MW unit at Seabank II struggling t o maintain consistent output, while British Energy's 581MW unit at Heysham 1 cam e back online on Friday, and was generating 500MW by Monday afternoon.",,,,,,,,
76,"The birthplace of scuba diving, Grand Cayman's world famous underwater scenery features an incredible diversity of tropical fish. http://lists.coolvacations.com/UM/T.ASP?A41.53.11.4.ebass*Denron*Pcom LAS VEGAS $160 FUNBOOK OF SAVINGS ********************************* You're guaranteed to hit the jackpot when you book one of our Las Vegas packages!",,,,,,,,
77,"Heat rate would improve by maybe 6-7%, plant net output would increase by maybe 2 MW per LM.",,,,,,,,
78,"Last summer, as you may recall, the Board rejected the $1000 bid cap pushed through by the PSC, voting instead for a $1300 cap.",,,,,,,,
79,"The company also plans to launch its product throughout Europe. http://www.quadstone.com Net Infrastructure Firm BSDi Secures $4 Million in Funding mail this story? top COLORADO SPRINGS, Colo.",,,,,,,,
80,"On contract #LC-IT-002, there is an additional receipt and delivery on 09/13/01 for 7000 dth.",,,,,,,,
81,"Business conditions may well be tough through the first half of 2001, and some analysts see the stock going as low as $33 or $34 before bottoming.",,,,,,,,
82,350 MW We request SSWG review these calculations and provide any changes or updates no later than Friday May 4.,,,,,,,,
83,"We have also cut airfares to the South Pacific by up to $300 to Sydney, Melbourne, Brisbane and Auckland through June 30, 2002.",,,,,,,,
84,"Check out our free stopover in Europe offer and all of our European specials at <br> <a href=""http://www.bestfares.com/travel/desks/story.asp?id=58""> http://www.bestfares.com/travel/desks/story.asp?id=58</a> <br> <br> <br> <b> Mexico On Sale From $132 RT Thru March 20, 2002 </b> <br> <br> Can you believe Los Angeles to Los Cabos for only $132 roundtrip through December 15, 2001?",,,,,,,,
85,"Executed firm transport contract with Conoco at maximum tariff rate for 5 years, generating $14 million in revenue.",,,,,,,,
86,"Our current cash balance is $54,820.00 AND we are moving back to the old building today so I've decided to wait until Friday to send a wire.",,,,,,,,
87,"Remember, you can take off in as little as three hours at http://www.bestfares.com/travel/desks/story.asp?id=41214 ASIA ON SALE INCLUDING TOKYO FROM $404 RT THROUGH MARCH 14, '02 We are offering the lowest fares this year to Asia.",,,,,,,,
88,"The Reliant Gas Sale of 5,000MMBtu/d for Calendar 2002, has been traded from a index based price to a fixed price of $2.31 for the months of February through December of 2002.",,,,,,,,
89,"Please decrease deliveries to Eastrans to 7,800 MMBtu/dy for 8/3/00 The redeliveries will be 7,800 into HPL from Fuels Cotton Valley",,,,,,,,
90,"Increasing contract price of no more than $6.2MM, from $46.5MM to $52.7MM (note however that this increase is spread over the construction schedule - no cash out until NTP is given).",,,,,,,,
91,"""Yeah, we're good for another $14 million.",,,,,,,,
92,"Enron Corp has bowed out of a $3.5 billion project to route Qatari gas to the United Arab Emirates and sold its stake in Dolphin Energy Ltd (DEL), the project chairman and U.S. firm announced on Monday.",,,,,,,,
93,"The reactor, which generates 1,120 megawatts at full power -- enough electricity for at least 1 million households -- is expected to be running at capacity by tomorrow morning.",,,,,,,,
94,"The November 19 meeting, which coincides with the expiry of six months since the issuance of a preliminary termination notice by DPC to MSEB on May 19, would also take up issues related to the question of financial position of DPC relating to the phase-I (740 mw) which has been lying idle since MSEB's decision to suspend power purchase from May 29.",,,,,,,,
95,"Companies signing up for the program have received $2 billion in reduced rates since 1990, but until recently they never had to turn off their lights.",,,,,,,,
96,"Please incerease deliveries to Eastrans to 65,000 MMBtu/d eff 2/23/2000.",,,,,,,,
97,"An El Paso affiliate (guaranteed by El Paso as parent) will notionally be paying NYMEX plus approx $0.52 (escalating) over seven years on a notional volume of 300,000 MMBtu/d and receiving NYMEX.",,,,,,,,
98,"You can reserve space on this package for only $100 per person and it is fully refundable until 5pm, Tuesday, December 11th if for ANY reason you choose not to go.",,,,,,,,
99,"Skilling stayed on through the end of the year, his $2 million debt to the company would have been forgiven. [According to the proxy, in 1997 Enron loaned $4 million to Skilling, who repaid $2 million of that in 1999.",,,,,,,,
100,"We expect this meter increase to be completed and flowing in excess of the current 200,000 MMBtu/d by January 1, 2001.",,,,,,,,
